{"cameraMode":{"drawMode":0,"name":"Shaded","section":"Shading Mode"},"sceneLighting":false,"audioPlay":false,"sceneViewState":{"showFog":true,"showMaterialUpdate":false,"showSkybox":false,"showFlares":true,"showImageEffects":true,"showParticleSystems":true},"in2DMode":false,"pivot":{"x":0.11999988555908203,"y":-0.44999998807907107,"z":-0.7200002670288086},"rotation":{"x":-0.1036301925778389,"y":0.0140244010835886,"z":-0.0014817968476563693,"w":-0.9946923851966858},"size":13.227930068969727,"orthographic":false}